Workload_ID,MessageName,   Src_App,   Dst_App,    App_ID,SubmitTime,Pr:StartTime,Pr:EndTime,Pr:CPUTime,   Pr:Size,Tr:StartTime,Tr:EndTime,Tr:NetworkTime,   Tr:Size,Tr:Channel,Pr:StartTime,Pr:EndTime,Pr:CPUTime,   Pr:Size,ResponseTime,
 0, msg01, 10.31.40.1, 10.31.40.2, 8, 0.0000231, 0, 0, 0, 0, 0.0000231, 0.0002665, 0.0002434, 12, -1, 0.0002665, 0.0002665, 0, 0,0.00024340,
 1, msg01, 10.31.40.1, 10.31.40.2, 8, 0.0001231, 0, 0, 0, 0, 0.0001231, 0.0003865, 0.0002634, 12, -1, 0.0003865, 0.0003865, 0, 0,0.00026340,
 2, msg01, 10.31.40.1, 10.31.40.2, 8, 0.0002231, 0, 0, 0, 0, 0.0002231, 0.0005065, 0.0002834, 12, -1, 0.0005065, 0.0005065, 0, 0,0.00028340,
 3, msg01, 10.31.40.1, 10.31.40.2, 8, 0.0003231, 0, 0, 0, 0, 0.0003231, 0.0006265, 0.0003034, 12, -1, 0.0006265, 0.0006265, 0, 0,0.00030340,
 4, msg01, 10.31.40.1, 10.31.40.2, 8, 0.0004231, 0, 0, 0, 0, 0.0004231, 0.0007465, 0.0003234, 12, -1, 0.0007465, 0.0007465, 0, 0,0.00032340,
 5, msg01, 10.31.40.1, 10.31.40.2, 8, 0.0005231, 0, 0, 0, 0, 0.0005231, 0.0008665, 0.0003434, 12, -1, 0.0008665, 0.0008665, 0, 0,0.00034340,
 6, msg01, 10.31.40.1, 10.31.40.2, 8, 0.0006231, 0, 0, 0, 0, 0.0006231, 0.0009865, 0.0003634, 12, -1, 0.0009865, 0.0009865, 0, 0,0.00036340,
 7, msg01, 10.31.40.1, 10.31.40.2, 8, 0.0007231, 0, 0, 0, 0, 0.0007231, 0.0011065, 0.0003834, 12, -1, 0.0011065, 0.0011065, 0, 0,0.00038340,
 8, msg01, 10.31.40.1, 10.31.40.2, 8, 0.0008231, 0, 0, 0, 0, 0.0008231, 0.0012265, 0.0004034, 12, -1, 0.0012265, 0.0012265, 0, 0,0.00040340,
 9, msg01, 10.31.40.1, 10.31.40.2, 8, 0.0009231, 0, 0, 0, 0, 0.0009231, 0.0013465, 0.0004234, 12, -1, 0.0013465, 0.0013465, 0, 0,0.00042340,
