Workload_ID,MessageName,   Src_App,   Dst_App,    App_ID,SubmitTime,Pr:StartTime,Pr:EndTime,Pr:CPUTime,   Pr:Size,Tr:StartTime,Tr:EndTime,Tr:NetworkTime,   Tr:Size,Tr:Channel,Pr:StartTime,Pr:EndTime,Pr:CPUTime,   Pr:Size,ResponseTime,
 0, msg01, 10.31.40.1, 10.31.40.2, 0, 0.0000431, 0, 0, 0, 0, 0.0000431, 0.00006026, 0.00001716, 0.8, -1, 0.00006026, 0.00006026, 0, 0,0.00001716,
 1, msg01, 10.31.40.1, 10.31.40.2, 0, 0.0001431, 0, 0, 0, 0, 0.0001431, 0.00016026, 0.00001716, 0.8, -1, 0.00016026, 0.00016026, 0, 0,0.00001716,
 2, msg01, 10.31.40.1, 10.31.40.2, 0, 0.0002431, 0, 0, 0, 0, 0.0002431, 0.00026026, 0.00001716, 0.8, -1, 0.00026026, 0.00026026, 0, 0,0.00001716,
 3, msg01, 10.31.40.1, 10.31.40.2, 0, 0.0003431, 0, 0, 0, 0, 0.0003431, 0.00036026, 0.00001716, 0.8, -1, 0.00036026, 0.00036026, 0, 0,0.00001716,
 4, msg01, 10.31.40.1, 10.31.40.2, 0, 0.0004431, 0, 0, 0, 0, 0.0004431, 0.00046026, 0.00001716, 0.8, -1, 0.00046026, 0.00046026, 0, 0,0.00001716,
 5, msg01, 10.31.40.1, 10.31.40.2, 0, 0.0005431, 0, 0, 0, 0, 0.0005431, 0.00056026, 0.00001716, 0.8, -1, 0.00056026, 0.00056026, 0, 0,0.00001716,
 6, msg01, 10.31.40.1, 10.31.40.2, 0, 0.0006431, 0, 0, 0, 0, 0.0006431, 0.00066026, 0.00001716, 0.8, -1, 0.00066026, 0.00066026, 0, 0,0.00001716,
 7, msg01, 10.31.40.1, 10.31.40.2, 0, 0.0007431, 0, 0, 0, 0, 0.0007431, 0.00076026, 0.00001716, 0.8, -1, 0.00076026, 0.00076026, 0, 0,0.00001716,
 8, msg01, 10.31.40.1, 10.31.40.2, 0, 0.0008431, 0, 0, 0, 0, 0.0008431, 0.00086026, 0.00001716, 0.8, -1, 0.00086026, 0.00086026, 0, 0,0.00001716,
 9, msg01, 10.31.40.1, 10.31.40.2, 0, 0.0009431, 0, 0, 0, 0, 0.0009431, 0.00096026, 0.00001716, 0.8, -1, 0.00096026, 0.00096026, 0, 0,0.00001716,
